ID,time,value
1,306,105.3646909
2,455,74.67149712
3,1010,98.00388213
4,210,107.1988384
5,883,88.87742329
6,1022,99.68564336
7,310,91.24913453
8,361,95.62750989
9,218,98.85567322
10,166,110.2262419
11,170,107.4047102
12,654,99.5952531
13,728,86.94161847
14,71,64.84087687
15,567,107.2373103
16,144,98.53919698
17,613,92.18273288
18,707,97.02731695
19,61,82.49820908
20,88,109.3823118
21,301,106.9185453
22,81,89.83008762
23,624,102.0391791
24,371,91.72303504
25,394,94.87864886
26,520,83.00017312
27,574,93.70531472
28,118,102.6097953
29,390,91.05170894
30,12,127.7529794
31,473,89.86298345
32,26,99.4642009
33,533,84.07854812
34,107,100.7726337
35,53,101.6279593
36,122,97.8041891
37,814,84.24599075
38,965,79.54960298
39,93,99.76861427
40,731,102.4232847
41,460,102.2455556
42,153,90.64604456
43,433,96.48870638
44,145,83.80397692
45,583,101.6304674
46,95,92.23066563
47,303,87.76630147
48,519,103.9069572
49,643,91.59684742
50,765,104.7194325
51,735,100.7220456
52,189,84.50372986
53,53,103.1743024
54,246,107.793031
55,689,106.8202679
56,65,94.98997853
57,5,108.7982332
58,132,90.57452451
59,687,113.8982283
60,345,90.51233265
61,444,106.5005379
62,223,81.61135518
63,175,92.83384378
64,60,101.9716811
65,163,100.3504983
66,65,89.2857885
67,208,106.1296362
68,821,105.7139237
69,428,114.1739095
70,230,85.52153517
71,840,106.6849733
72,305,96.29045119
73,11,97.51439361
74,132,98.28336847
75,226,103.5193032
76,426,93.37165053
77,705,97.3251912
78,363,113.6783345
79,11,95.94650384
80,176,92.1526949
81,791,96.31887483
82,95,93.37211957
83,196,111.1573827
84,167,93.64265905
85,806,106.0653109
86,284,93.43943025
87,641,102.742575
88,147,80.11829812
89,740,113.2179641
90,163,95.70710035
91,655,114.4239809
92,239,104.338183
93,88,94.34816663
94,245,93.61169855
95,588,113.5256421
96,30,92.21115272
97,179,98.64596619
98,310,104.6243952
99,477,112.9899251
100,166,109.8097875
101,559,120.3910319
102,450,105.4551709
103,364,99.58849643
104,107,109.8271062
105,177,98.96537382
106,156,81.9442489
107,529,97.34556628
108,11,102.0911616
109,429,80.5300552
110,351,109.3162948
111,15,97.01359245
112,181,95.67504801
113,283,92.41683481
114,201,102.1775977
115,524,100.3308808
116,13,104.9452907
117,212,107.1716374
118,524,87.80297282
119,288,80.89442145
120,363,119.8161411
121,442,95.2974968
122,199,107.2809532
123,550,111.3199721
124,54,87.53925242
125,558,111.6109981
126,207,91.41639047
127,92,110.8672762
128,60,98.76869501
129,551,108.8722181
130,543,108.7599484
131,293,100.4581317
132,202,128.8714056
133,353,96.84204745
134,511,83.47943603
135,267,97.4387831
136,511,96.16701335
137,371,105.4798136
138,387,99.13337156
139,457,93.18449745
140,337,126.4153651
141,201,87.5235265
142,404,93.9920088
143,222,97.66197218
144,62,108.0018896
145,458,103.4441167
146,356,105.3396521
147,353,89.68939213
148,163,101.9179588
149,31,104.5618806
150,340,86.73177522
151,229,109.0896448
152,444,100.5807669
153,315,98.46199674
154,182,102.2533411
155,156,99.03218096
156,329,97.69809004
157,364,103.9865721
158,291,104.7686815
159,179,97.52856117
160,376,88.01042276
161,384,88.39790502
162,268,93.83775698
163,292,93.3270603
164,142,106.7956592
165,413,89.34611083
166,266,87.28208061
167,194,103.9555953
168,320,97.38810901
169,181,98.81403096
170,285,93.7634521
171,301,100.4624323
172,348,120.3122242
173,197,108.2398796
174,382,100.9638707
175,303,92.55548022
176,296,91.97384657
177,180,100.3566707
178,186,93.90862005
179,145,101.2563413
180,269,100.1840699
181,300,103.3269114
182,284,91.29329562
183,350,115.0526183
184,272,98.30199575
185,292,111.2091982
186,332,99.23675616
187,285,88.78394193
188,259,111.1994999
189,110,94.66794098
190,286,93.2941994
191,270,114.164953
192,81,89.07156246
193,131,102.6076972
194,225,112.1670484
195,269,102.7997082
196,225,87.44322899
197,243,106.6235058
198,279,106.1552553
199,276,110.4621138
200,135,111.1758937
201,79,94.15987338
202,59,100.4339392
203,240,81.87141223
204,202,83.44137555
205,235,96.86978627
206,105,77.11617218
207,224,106.6748853
208,239,83.47924027
209,237,89.6727949
210,173,103.2796225
211,252,104.6956772
212,221,103.303924
213,185,115.3126615
214,92,108.3990902
215,13,113.8671867
216,222,108.0501512
217,192,93.21566465
218,183,97.44698238
219,211,93.88551181
220,175,104.0739105
221,197,95.04675894
222,203,84.56542081
223,116,91.74098615
224,188,93.14301251
225,191,98.45017917
226,105,123.4291568
227,174,95.34053379
228,177,99.3404025
229,306,93.49117901
230,455,108.387097
231,1010,99.00605929
232,210,78.49575946
233,883,101.3012609
234,1022,98.44235946
235,310,99.58625339
236,361,102.2205602
237,218,119.5703484
238,166,105.4307658
239,170,94.40916295
240,654,101.0389846
241,728,98.43466016
242,71,112.3164684
243,567,107.1044015
244,144,91.02678496
245,613,92.26029576
246,707,97.88731116
247,61,95.0390662
248,88,108.6943378
249,301,76.465637
250,81,90.61127877
251,624,99.53550064
252,371,90.24793464
253,394,105.7988816
254,520,93.86476148
255,574,109.6989164
256,118,98.40147343
257,390,102.7626186
258,12,106.8184332
259,473,100.1335494
260,26,102.001288
261,533,99.30014834
262,107,90.22125805
263,53,98.04006257
264,122,107.2277892
265,814,95.45150251
266,965,105.4442737
267,93,107.8010233
268,731,111.1051225
269,460,110.3244463
270,153,73.06426227
271,433,89.5001169
272,145,92.01837278
273,583,103.7291619
274,95,98.46813464
275,303,119.2707898
276,519,100.634868
277,643,116.1601969
278,765,113.6831561
279,735,102.4418445
280,189,87.75827446
281,53,81.9258876
282,246,109.4244075
283,689,101.849321
284,65,94.99013033
285,5,96.79471104
286,132,99.01433385
287,687,108.1670552
288,345,105.2453878
289,444,84.72937884
290,223,102.4493119
291,175,98.91042498
292,60,105.1749899
293,163,104.0997004
294,65,96.11078339
295,208,95.79334472
296,821,90.17960292
297,428,123.7031418
298,230,78.10739623
299,840,95.75926292
300,305,90.3676464
301,11,104.5470876
302,132,84.08505414
303,226,91.5647655
304,426,101.1835191
305,705,86.97714226
306,363,102.161048
307,11,97.90009861
308,176,94.14268295
309,791,87.88425774
310,95,93.38548317
311,196,91.92011242
312,167,97.97689887
313,806,108.1493026
314,284,110.4944892
315,641,98.40206817
316,147,111.295352
317,740,106.0018426
318,163,100.5190043
319,655,88.67485281
320,239,111.3475698
321,88,107.1010244
322,245,103.2797208
323,588,113.4027389
324,30,107.0197323
325,179,100.1744952
326,310,106.8098539
327,477,112.4232436
328,166,94.1791708
329,559,98.28454711
330,450,100.1247359
331,364,103.8879179
332,107,101.5205307
333,177,117.1936723
334,156,102.5571912
335,529,88.28314262
336,11,103.2324872
337,429,99.44962103
338,351,107.7153673
339,15,90.86020309
340,181,98.12399638
341,283,94.46434741
342,201,110.4130029
343,524,99.21616003
344,13,90.1454257
345,212,90.09734367
346,524,96.16499102
347,288,87.50060698
348,363,96.95860989
349,442,98.92014769
350,199,103.7191888
351,550,101.0648341
352,54,94.91532969
353,558,83.31861567
354,207,103.0754461
355,92,101.2702125
356,60,114.0774565
357,551,114.6217258
358,543,100.2710467
359,293,88.34045072
360,202,109.874548
361,353,110.2796424
362,511,100.9775741
363,267,95.17173632
364,511,96.32199482
365,371,99.76095124
366,387,95.06824416
367,457,87.55922285
368,337,93.24188148
369,201,115.8100964
370,404,115.0819759
371,222,83.52053119
372,62,92.49681033
373,458,87.88055311
374,356,112.6619192
375,353,109.7554493
376,163,114.0365675
377,31,111.3267406
378,340,112.6242351
379,229,96.18798013
380,444,118.8293561
381,315,88.1678813
382,182,99.67791135
383,156,109.2925457
384,329,108.8906048
385,364,111.6557921
386,291,90.57726491
387,179,93.65582689
388,376,109.7558968
389,384,96.26967255
390,268,103.53461
391,292,102.8466785
392,142,103.0152604
393,413,94.58816559
394,266,107.3673061
395,194,84.32498163
396,320,89.16632876
397,181,113.1813966
398,285,115.1676909
399,301,103.3729308
400,348,104.3982136
401,197,87.94679712
402,382,106.4985288
403,303,116.5071136
404,296,104.6896906
405,180,113.9209148
406,186,87.39681493
407,145,109.5729853
408,269,85.02127382
409,300,102.9303909
410,284,89.64861495
411,350,91.33042991
412,272,95.04020956
413,292,116.1607967
414,332,106.6075858
415,285,97.91376567
416,259,108.1139699
417,110,102.1972421
418,286,94.46109347
419,270,112.4562004
420,81,99.66268804
421,131,96.75977411
422,225,105.2751232
423,269,101.2630206
424,225,91.35639605
425,243,89.88345995
426,279,91.37170782
427,276,115.0095284
428,135,91.98142109
429,79,98.24585452
430,59,91.69328339
431,240,107.7627984
432,202,100.5463613
433,235,90.46264827
434,105,93.28065681
435,224,116.217778
436,239,93.20532217
437,237,115.3523946
438,173,98.7504637
439,252,87.0508828
440,221,107.6072831
441,185,101.3665674
442,92,95.25824426
443,13,102.0319202
444,222,104.463431
445,192,108.9641489
446,183,113.6786908
447,211,69.4850297
448,175,98.00777572
449,197,99.70217317
450,203,118.1275054
451,116,87.55552214
452,188,88.20065713
453,191,104.6494961
454,105,87.59895111
455,174,82.97584963
456,177,94.69532422
457,306,104.0690664
458,455,83.70105054
459,1010,98.10071063
460,210,101.917488
461,883,77.93733154
462,1022,93.20475048
463,310,104.578206
464,361,99.39175545
465,218,97.6049043
466,166,107.785439
467,170,99.53486373
468,654,96.94735447
469,728,117.5730136
470,71,99.97319161
471,567,84.75244144
472,144,98.69604821
473,613,106.0409011
474,707,104.1965226
475,61,92.08284655
476,88,108.9726087
477,301,103.1538834
478,81,106.5637299
479,624,101.1960907
480,371,78.97940937
481,394,94.45822934
482,520,109.0496401
483,574,101.0908611
484,118,100.9620683
485,390,107.7328946
486,12,115.7494096
487,473,92.08276331
488,26,114.4960193
489,533,85.81510172
490,107,113.6961254
491,53,111.78315
492,122,94.17100772
493,814,98.65633295
494,965,105.3614936
495,93,86.89448657
496,731,85.84385151
497,460,97.04424238
498,153,104.5777982
499,433,94.10229505
500,145,101.7898024
501,583,84.84628569
502,95,106.3375131
503,303,106.6232271
504,519,92.65585588
505,643,95.03261483
506,765,91.52222054
507,735,105.1797806
508,189,91.11204577
509,53,86.98978749
510,246,89.55328677
511,689,82.21419173
512,65,106.7425365
513,5,86.43104343
514,132,98.45423717
515,687,93.08302303
516,345,116.2389835
517,444,92.49085852
518,223,102.9068666
519,175,90.89139702
520,60,103.6140684
521,163,103.3692633
522,65,94.53001133
523,208,96.80495656
524,821,112.8317083
525,428,100.406477
526,230,104.0060794
527,840,102.5907596
528,305,89.04307224
529,11,84.96992855
530,132,110.5635141
531,226,104.1638169
532,426,105.9788395
533,705,108.9750031
534,363,113.2825154
535,11,101.0437198
536,176,92.11641224
537,791,108.9406371
538,95,103.2501299
539,196,102.6634208
540,167,89.37347618
541,806,93.48260406
542,284,86.66331462
543,641,101.0869237
544,147,98.51371004
545,740,100.3042719
546,163,105.3397669
547,655,101.8098719
548,239,99.84688695
549,88,81.03557099
550,245,112.1058112
551,588,95.48494288
552,30,103.6322494
553,179,102.7859909
554,310,112.4750378
555,477,100.1882783
556,166,88.67993852
557,559,115.4929579
558,450,88.59558942
559,364,92.86568309
560,107,108.2629229
561,177,103.4086295
562,156,100.4049789
563,529,126.7622275
564,11,103.1441326
565,429,109.1613418
566,351,100.2548231
567,15,102.400636
568,181,104.2612791
569,283,101.2377091
570,201,93.55298477
571,524,100.6392019
572,13,107.2905709
573,212,94.56209887
574,524,107.2526932
575,288,93.04147157
576,363,107.9664498
577,442,109.7126079
578,199,92.73797253
579,550,89.33321922
580,54,93.41721152
581,558,87.74182976
582,207,98.62111927
583,92,112.3253592
584,60,94.06862022
585,551,89.05046193
586,543,101.6866116
587,293,95.88698666
588,202,113.7875569
589,353,101.7835278
590,511,90.96059168
591,267,105.0452845
592,511,86.27799456
593,371,111.9944489
594,387,83.74424391
595,457,125.8986536
596,337,94.74247066
597,201,93.97637458
598,404,110.0431362
599,222,116.070561
600,62,99.60212764
601,458,109.9311841
602,356,90.28470579
603,353,99.67731556
604,163,105.9563618
605,31,110.3466838
606,340,88.5873812
607,229,81.54386873
608,444,94.26090539
609,315,104.1421088
610,182,105.9710458
611,156,87.15346058
612,329,80.61873056
613,364,79.0910212
614,291,111.0182162
615,179,120.5458052
616,376,107.3182741
617,384,87.87435806
618,268,110.2668384
619,292,105.5745802
620,142,102.0259894
621,413,93.68243653
622,266,99.46699481
623,194,125.0708547
624,320,103.0950327
625,181,110.8463263
626,285,100.0523719
627,301,98.48419577
628,348,112.7624341
629,197,100.3117959
630,382,89.62997166
631,303,90.65334603
632,296,102.8453124
633,180,97.48291457
634,186,100.7393673
635,145,90.09582097
636,269,104.8210865
637,300,88.65100061
638,284,110.463183
639,350,113.8127998
640,272,105.6594626
641,292,96.69273025
642,332,110.8285933
643,285,108.3696161
644,259,107.5824893
645,110,103.5994318
646,286,83.49404741
647,270,107.0556525
648,81,101.3117655
649,131,92.16139273
650,225,102.8074219
651,269,96.26811136
652,225,108.8475747
653,243,89.91163871
654,279,84.01149276
655,276,79.62715394
656,135,88.97118089
657,79,110.3273003
658,59,106.9443967
659,240,98.87404154
660,202,99.95697009
661,235,100.6409947
662,105,118.1158538
663,224,90.77263667
664,239,102.6968026
665,237,100.1211729
666,173,103.015105
667,252,106.6005379
668,221,101.282998
669,185,87.23193935
670,92,95.14273761
671,13,97.76710487
672,222,98.22712724
673,192,84.02586058
674,183,97.49747454
675,211,97.74262262
676,175,92.29659126
677,197,105.883652
678,203,86.50389616
679,116,93.25237793
680,188,117.7788233
681,191,110.1009294
682,105,90.76309565
683,174,104.4987488
684,177,105.9470274
685,306,98.73782012
686,455,87.83574908
687,1010,90.4140315
688,210,105.7920052
689,883,87.00880558
690,1022,93.25308947
691,310,102.6061618
692,361,106.1680419
693,218,98.66827215
694,166,97.53927658
695,170,98.40403975
696,654,86.39124121
697,728,111.4303966
698,71,110.1101282
699,567,113.0237177
700,144,106.9598208
701,613,80.99384895
702,707,116.9241157
703,61,97.38039107
704,88,105.340158
705,301,103.1740374
706,81,110.5469527
707,624,91.95710163
708,371,99.20122683
709,394,99.05380107
710,520,100.3041588
711,574,85.40414012
712,118,114.118642
713,390,94.78236108
714,12,105.6632244
715,473,106.0919087
716,26,96.23849557
717,533,97.63451186
718,107,103.3816111
719,53,96.83474429
720,122,84.35592337
721,814,106.4024557
722,965,83.69398678
723,93,90.98414773
724,731,79.97752664
725,460,103.8949644
726,153,112.6332624
727,433,107.9675451
728,145,112.7472504
729,583,105.326529
730,95,91.20580713
731,303,101.8546172
732,519,110.7725262
733,643,129.3357504
734,765,92.6697501
735,735,87.18510784
736,189,102.0820436
737,53,90.93166822
738,246,94.09633356
739,689,95.57922414
740,65,99.6093453
741,5,126.9391025
742,132,107.2235863
743,687,104.6207925
744,345,111.5347462
745,444,97.21210169
746,223,94.07166702
747,175,104.5523699
748,60,90.60093795
749,163,103.4433275
750,65,97.55749001
751,208,105.7799453
752,821,94.5473568
753,428,115.8533938
754,230,110.5615293
755,840,103.2924437
756,305,104.7074809
757,11,104.1968741
758,132,94.58279101
759,226,107.7324649
760,426,119.0753021
761,705,101.8641204
762,363,113.0401489
763,11,98.80017554
764,176,100.7530213
765,791,96.42163778
766,95,106.2633431
767,196,84.43428252
768,167,99.37718404
769,806,88.13430882
770,284,91.21742903
771,641,110.9176765
772,147,109.2479055
773,740,95.03816349
774,163,98.92479141
775,655,92.69471934
776,239,100.9605909
777,88,97.84083505
778,245,103.4159555
779,588,93.34072024
780,30,108.1831846
781,179,92.69561506
782,310,97.02949018
783,477,98.02608325
784,166,110.4229493
785,559,102.3692047
786,450,93.62822263
787,364,113.6115841
788,107,104.3876851
789,177,113.8556134
790,156,122.0162772
791,529,108.654001
792,11,104.7141501
793,429,86.5153517
794,351,95.54147213
795,15,81.19149165
796,181,106.5032214
797,283,111.2518813
798,201,96.31886975
799,524,95.21679994
800,13,88.61212711
801,212,95.62595231
802,524,101.9379553
803,288,87.67257578
804,363,103.3712775
805,442,99.31774922
806,199,117.6138482
807,550,106.642722
808,54,92.11308707
809,558,103.638807
810,207,103.0126342
811,92,96.62348013
812,60,89.00492925
813,551,111.7651075
814,543,95.55103478
815,293,97.16690869
816,202,111.0189121
817,353,111.3974346
818,511,95.60855952
819,267,80.49176922
820,511,97.59080576
821,371,105.2701632
822,387,109.2899031
823,457,93.30517441
824,337,95.48776642
825,201,95.85205998
826,404,104.9437519
827,222,140.2018257
828,62,89.35000376
829,458,98.92356601
830,356,108.3922114
831,353,101.4945855
832,163,100.0640447
833,31,95.22563766
834,340,99.1613049
835,229,91.63478784
836,444,98.76072256
837,315,104.926721
838,182,115.0392214
839,156,127.7110146
840,329,106.80468
841,364,75.89649367
842,291,84.19484541
843,179,105.6489306
844,376,109.0055045
845,384,109.8566217
846,268,101.1690959
847,292,96.16348609
848,142,86.37193328
849,413,97.84030905
850,266,106.9553405
851,194,93.93253436
852,320,93.69543806
853,181,92.58446487
854,285,95.23725494
855,301,98.11366705
856,348,95.80232811
857,197,100.3347336
858,382,90.92820319
859,303,119.8347991
860,296,92.12589927
861,180,94.94263047
862,186,125.1737567
863,145,103.5102148
864,269,79.56771451
865,300,96.44658897
866,284,99.29476355
867,350,86.89767807
868,272,90.01590558
869,292,118.1880073
870,332,102.6929696
871,285,107.9978525
872,259,93.26218846
873,110,103.001963
874,286,91.49371172
875,270,89.7422605
876,81,102.6762156
877,131,103.7049856
878,225,107.4270903
879,269,99.44339783
880,225,104.4676917
881,243,83.62897067
882,279,96.09804966
883,276,104.3475996
884,135,103.6667106
885,79,112.6980837
886,59,87.7066371
887,240,95.33839757
888,202,104.0341054
889,235,105.8089009
890,105,112.9434862
891,224,97.16523056
892,239,108.4047567
893,237,117.6738241
894,173,109.7293655
895,252,105.1300851
896,221,107.072908
897,185,102.8455456
898,92,103.232398
899,13,111.5163624
900,222,131.5480547
901,192,90.9844685
902,183,87.28428964
903,211,117.9329356
904,175,113.6540207
905,197,98.88877801
906,203,124.8488269
907,116,109.4665433
908,188,95.76557717
909,191,96.79776446
910,105,107.7739687
911,174,88.43069703
912,177,96.82173373
913,306,74.22870307
914,455,108.0466282
915,1010,113.2588596
916,210,98.68113326
917,883,99.50607146
918,1022,87.72593471
919,310,108.6124754
920,361,90.65331796
921,218,89.46469116
922,166,111.9703672
923,170,112.4535372
924,654,83.8310468
925,728,107.2263211
926,71,97.47179602
927,567,94.72229197
928,144,91.02100627
929,613,99.81423259
930,707,108.490441
931,61,106.4038589
932,88,80.62096519
933,301,96.90151142
934,81,103.7771266
935,624,102.4567903
936,371,101.0282852
937,394,85.38888502
938,520,93.42826697
939,574,94.62693632
940,118,88.4431493
941,390,109.6938455
942,12,90.87628029
943,473,94.20156277
944,26,81.03096039
945,533,75.64705384
946,107,80.40647019
947,53,98.73089779
948,122,112.2731396
949,814,102.1720687
950,965,107.4955935
951,93,92.88587272
952,731,112.5391804
953,460,107.5542998
954,153,99.7469539
955,433,96.39373792
956,145,91.45015982
957,583,100.4993813
958,95,93.84363986
959,303,105.6737368
960,519,99.05730194
961,643,96.8460523
962,765,116.3040684
963,735,110.519087
964,189,118.8783591
965,53,95.32777453
966,246,96.6616018
967,689,104.7476866
968,65,81.95874778
969,5,108.6753546
970,132,88.48076158
971,687,96.86840051
972,345,98.89865686
973,444,86.13147206
974,223,75.90338395
975,175,83.15663325
976,60,119.2761982
977,163,98.30521342
978,65,126.4852876
979,208,97.17377685
980,821,123.2285505
981,428,103.000074
982,230,89.38085318
983,840,93.84932956
984,305,97.8022088
985,11,95.70811074
986,132,103.0284006
987,226,103.8987143
988,426,96.65019353
989,705,101.6253892
990,363,109.4197895
991,11,98.57226534
992,176,98.22784198
993,791,105.047688
994,95,95.46071432
995,196,114.5306874
996,167,87.02716045
997,806,107.2303663
998,284,102.3688709
999,641,95.09885033
1000,147,100.740238
1001,740,78.3175111
1002,163,100.9947066
1003,655,104.0734757
1004,239,90.90871131
1005,88,90.2106803
1006,245,110.0865028
1007,588,100.2727059
1008,30,96.12853333
1009,179,109.6857678
1010,310,113.1685969
1011,477,99.2690932
1012,166,93.6202992
1013,559,104.6015864
1014,450,103.0351149
1015,364,108.8955275
1016,107,104.9950679
1017,177,101.6850285
1018,156,98.90646282
1019,529,110.7597124
1020,11,102.0162438
1021,429,89.46755077
1022,351,95.26762867
1023,15,112.5931003
1024,181,100.7669273
1025,283,100.0956039
1026,201,109.3027204
1027,524,112.5232449
1028,13,108.8649137
1029,212,90.75989373
1030,524,101.0839484
1031,288,106.7301269
1032,363,91.08979252
1033,442,111.9542935
1034,199,124.0388423
1035,550,89.95404777
1036,54,105.5906493
1037,558,99.49990113
1038,207,117.333634
1039,92,109.5329513
1040,60,87.1849623
1041,551,103.9772643
1042,543,98.24036514
1043,293,86.89742794
1044,202,97.1786936
1045,353,110.0750067
1046,511,100.5289246
1047,267,108.3628895
1048,511,103.8773892
1049,371,114.5691832
1050,387,81.85661021
1051,457,102.0411428
1052,337,89.29244404
1053,201,87.15486135
1054,404,101.1418757
1055,222,96.80156528
1056,62,99.37639334
1057,458,88.99371586
1058,356,105.8548855
1059,353,77.34975141
1060,163,100.749174
1061,31,93.49985248
1062,340,136.2468512
1063,229,95.97623214
1064,444,109.7275093
1065,315,103.2745195
1066,182,100.8530006
1067,156,109.6048291
1068,329,97.19333477
1069,364,95.7992453
1070,291,102.6588025
1071,179,108.2771686
1072,376,89.51102977
1073,384,87.27903377
1074,268,69.80146411
1075,292,113.774241
1076,142,87.50333253
1077,413,105.6295923
1078,266,74.02810318
1079,194,86.77269166
1080,320,74.6073383
1081,181,109.0610547
1082,285,121.0800647
1083,301,69.30315703
1084,348,95.96163769
1085,197,109.1184877
1086,382,100.7044234
1087,303,95.42270098
1088,296,87.21959795
1089,180,97.62297814
1090,186,103.3334754
1091,145,90.44109797
1092,269,101.8201138
1093,300,118.3383014
1094,284,100.0900619
1095,350,101.8678387
1096,272,94.40376302
1097,292,109.5297867
1098,332,102.7107771
1099,285,93.71529423
1100,259,82.52488434
1101,110,110.7701138
1102,286,106.9880395
1103,270,100.5842423
1104,81,99.23372386
1105,131,82.29522273
1106,225,93.29050049
1107,269,103.7927892
1108,225,110.1138072
1109,243,87.73495618
1110,279,90.94843026
1111,276,96.05690653
1112,135,93.4273608
1113,79,112.9249716
1114,59,87.26026873
1115,240,90.82070296
1116,202,92.6014502
1117,235,116.4590431
1118,105,106.8559678
1119,224,95.22128004
1120,239,96.94510674
1121,237,89.01564819
1122,173,100.5910521
1123,252,99.49415372
1124,221,110.327661
1125,185,94.25420677
1126,92,105.7241417
1127,13,109.6184779
1128,222,104.2001364
1129,192,113.9146215
1130,183,97.94123339
1131,211,92.84454409
1132,175,104.051303
1133,197,91.75055567
1134,203,109.7628266
1135,116,89.53120182
1136,188,103.2052011
1137,191,86.04770331
1138,105,82.13320807
1139,174,107.3808419
1140,177,94.46766442
1141,306,103.2118548
1142,455,109.9557012
1143,1010,97.39243285
1144,210,95.60579925
1145,883,100.1974655
1146,1022,93.66083064
1147,310,76.45340225
1148,361,101.4341436
1149,218,82.13520303
1150,166,90.44046375
1151,170,102.8379272
1152,654,103.3605281
1153,728,98.97051262
1154,71,84.8566962
1155,567,104.6302082
1156,144,103.5034791
1157,613,83.98972866
1158,707,95.46523866
1159,61,96.65644065
1160,88,92.5464576
1161,301,102.3209071
1162,81,93.63519641
1163,624,114.9477306
1164,371,106.2601781
1165,394,105.1571587
1166,520,109.0672566
1167,574,78.10736655
1168,118,94.66382442
1169,390,103.9244894
1170,12,83.85585999
1171,473,107.4756546
1172,26,102.1270092
1173,533,86.56261414
1174,107,89.66847401
1175,53,102.8181159
1176,122,110.2257992
1177,814,89.0235702
1178,965,104.0200378
1179,93,105.61988
1180,731,83.7802372
1181,460,96.91464521
1182,153,98.27009569
1183,433,102.3466458
1184,145,105.4783938
1185,583,83.86711046
1186,95,91.43877438
1187,303,108.6268284
1188,519,104.114881
1189,643,78.68044766
1190,765,110.9869472
1191,735,95.64548338
1192,189,99.91924113
1193,53,95.02936198
1194,246,96.88712854
1195,689,102.1894554
1196,65,100.5864758
1197,5,81.84428071
1198,132,99.18168512
1199,687,86.57350907
1200,345,122.5372621
1201,444,91.65313489
1202,223,98.7060862
1203,175,92.63706535
1204,60,83.69053818
1205,163,116.2971438
1206,65,94.23750943
1207,208,103.398917
1208,821,94.42602981
1209,428,94.200141
1210,230,83.22875891
1211,840,97.07323673
1212,305,93.35300415
1213,11,100.8221517
1214,132,104.5278654
1215,226,102.5598255
1216,426,97.60404065
1217,705,109.3403987
1218,363,102.9201096
1219,11,113.6798558
1220,176,97.93504361
1221,791,97.50524357
1222,95,79.528532
1223,196,114.9146341
1224,167,101.1035846
1225,806,88.8846679
1226,284,106.0396344
1227,641,122.1126954
1228,147,84.80175153
1229,740,115.2646599
1230,163,100.512944
1231,655,105.2842716
1232,239,104.1980322
1233,88,91.59315925
1234,245,74.56523419
1235,588,107.9218948
1236,30,111.6251922
1237,179,95.24199128
1238,310,94.41384353
1239,477,111.6900614
1240,166,105.157987
1241,559,111.8945372
1242,450,97.94532434
1243,364,119.4014986
1244,107,95.50987177
1245,177,115.5557693
1246,156,98.35362275
1247,529,95.95319024
1248,11,98.83492097
1249,429,116.5059157
1250,351,116.0549068
1251,15,102.5389227
1252,181,106.0663742
1253,283,116.0594237
1254,201,108.9242788
1255,524,101.4579713
1256,13,79.57696213
1257,212,94.89072401
1258,524,77.83335953
1259,288,95.69770462
1260,363,96.82190954
1261,442,108.0302796
1262,199,106.4990846
1263,550,81.66847837
1264,54,90.76062486
1265,558,111.6552854
1266,207,96.03428624
1267,92,112.7755404
1268,60,98.79374263
1269,551,94.68452673
1270,543,112.2271078
1271,293,85.53825915
1272,202,105.5211518
1273,353,109.3877147
1274,511,102.245907
1275,267,104.1049636
1276,511,89.90965728
1277,371,93.36060455
1278,387,94.84792815
1279,457,94.92637576
1280,337,97.17286376
1281,201,105.989233
1282,404,102.3916922
1283,222,108.8996163
1284,62,84.73227665
1285,458,91.41756182
1286,356,112.6811519
1287,353,109.520451
1288,163,122.2404594
1289,31,105.3294059
1290,340,94.91005714
1291,229,116.9361458
1292,444,103.5749257
1293,315,99.27640695
1294,182,88.85557377
1295,156,102.2228201
1296,329,108.3434272
1297,364,102.8342561
1298,291,78.15689884
1299,179,101.3676345
1300,376,95.06524909
1301,384,86.77274874
1302,268,102.9974144
1303,292,107.7154104
1304,142,109.4416943
1305,413,93.99888729
1306,266,102.5593524
1307,194,96.05962483
1308,320,95.62580606
1309,181,114.8065205
1310,285,98.98769018
1311,301,103.5981914
1312,348,93.44569484
1313,197,114.7311886
1314,382,83.22589835
1315,303,85.06047027
1316,296,90.88045747
1317,180,76.47894487
1318,186,100.0063026
1319,145,109.0846237
1320,269,110.008552
1321,300,86.51306716
1322,284,104.4138263
1323,350,92.38522574
1324,272,103.7453762
1325,292,102.3141495
1326,332,96.55968172
1327,285,98.73000013
1328,259,83.59766204
1329,110,98.89538774
1330,286,117.1289385
1331,270,106.0559666
1332,81,106.4769519
1333,131,84.87397588
1334,225,100.5102067
1335,269,105.3091234
1336,225,91.26615817
1337,243,87.81350492
1338,279,94.91278085
1339,276,89.87455334
1340,135,79.78272988
1341,79,100.0115371
1342,59,94.65387153
1343,240,111.061868
1344,202,91.25143048
1345,235,77.37593709
1346,105,105.4848463
1347,224,96.54634527
1348,239,93.43018821
1349,237,99.29043908
1350,173,71.95722306
1351,252,94.41220907
1352,221,96.42918894
1353,185,96.5258982
1354,92,86.19644205
1355,13,94.55349031
1356,222,103.6570685
1357,192,97.88222806
1358,183,123.8623624
1359,211,108.9923039
1360,175,100.2512262
1361,197,103.253768
1362,203,104.3357909
1363,116,103.416415
1364,188,96.29136077
1365,191,97.99148947
1366,105,91.20922944
1367,174,74.47904988
1368,177,92.99801029
1369,306,98.29775188
1370,455,96.75058153
1371,1010,102.1246928
1372,210,96.46266917
1373,883,95.68424545
1374,1022,111.2964913
1375,310,88.0695807
1376,361,112.8333775
1377,218,106.4434715
1378,166,101.6156916
1379,170,96.2549345
1380,654,97.524377
1381,728,114.3313462
1382,71,89.8297657
1383,567,100.5397854
1384,144,112.7748228
1385,613,107.300316
1386,707,98.10571628
1387,61,107.9006425
1388,88,111.3067169
1389,301,117.3385708
1390,81,107.7744592
1391,624,109.055758
1392,371,94.1965063
1393,394,115.7423892
1394,520,94.19610999
1395,574,99.47501245
1396,118,98.50919358
1397,390,115.2183143
1398,12,93.14673714
1399,473,74.00343598
1400,26,77.7475989
1401,533,103.2845703
1402,107,109.445992
1403,53,107.5157054
1404,122,115.5008625
1405,814,108.5013279
1406,965,109.4388321
1407,93,129.8144492
1408,731,109.0024401
1409,460,107.9153721
1410,153,102.0284179
1411,433,106.7339547
1412,145,104.9644308
1413,583,111.4867837
1414,95,106.2785554
1415,303,107.4896451
1416,519,95.42175472
1417,643,94.90381084
1418,765,103.4323884
1419,735,113.4345517
1420,189,103.5488696
1421,53,122.5252601
1422,246,100.0022203
1423,689,101.998335
1424,65,94.43286213
1425,5,103.6225193
1426,132,88.41476022
1427,687,92.41281687
1428,345,95.54698863
1429,444,96.57143862
1430,223,86.51547441
1431,175,85.23991881
1432,60,106.6539665
1433,163,115.2297017
1434,65,100.2927896
1435,208,87.77534871
1436,821,104.3799823
1437,428,112.2483716
1438,230,106.9366062
1439,840,98.76233303
1440,305,97.33235705
1441,11,99.31679583
1442,132,109.2835509
1443,226,89.71212177
1444,426,97.88155161
1445,705,101.3310434
1446,363,99.6626594
1447,11,88.73447557
1448,176,99.93457676
1449,791,92.16511034
1450,95,92.50414285
1451,196,102.307809
1452,167,85.06810659
1453,806,101.092991
1454,284,107.1589061
1455,641,124.5764792
1456,147,87.86952396
1457,740,100.9614837
1458,163,94.39591995
1459,655,101.7495242
1460,239,115.012397
1461,88,116.7371401
1462,245,113.8434426
1463,588,102.631057
1464,30,95.27523817
1465,179,116.7024788
1466,310,91.86716473
1467,477,102.4561135
1468,166,118.2988355
1469,559,98.72887864
1470,450,105.1560468
1471,364,103.2254385
1472,107,111.1307233
1473,177,86.97583409
1474,156,106.8042379
1475,529,89.39847671
1476,11,101.5828856
1477,429,95.07451913
1478,351,113.7726394
1479,15,111.3124739
1480,181,86.74512465
1481,283,90.05731077
1482,201,99.80738723
1483,524,116.561782
1484,13,102.6425298
1485,212,96.25247156
1486,524,93.99103133
1487,288,95.09360529
1488,363,83.55295482
1489,442,116.7192603
1490,199,95.44050259
1491,550,92.95215265
1492,54,93.68051348
1493,558,76.00102457
1494,207,96.48502097
1495,92,101.0032741
1496,60,90.99124306
1497,551,89.17768132
1498,543,101.8763252
1499,293,108.3145449
1500,202,98.53587326
1501,353,106.4580564
1502,511,112.8454981
1503,267,105.6498628
1504,511,100.6988613
1505,371,110.1507447
1506,387,100.074646
1507,457,99.87426924
1508,337,94.40253953
1509,201,75.28465653
1510,404,101.1441795
1511,222,96.92537952
1512,62,101.33078
1513,458,112.0072181
1514,356,105.2207016
1515,353,93.71643972
1516,163,111.9983978
1517,31,113.2198792
1518,340,94.79335133
1519,229,99.01622757
1520,444,103.5286928
1521,315,84.14497476
1522,182,96.71877897
1523,156,96.18747082
1524,329,105.6791524
1525,364,93.05491888
1526,291,87.27951088
1527,179,98.35249357
1528,376,107.4837222
1529,384,93.93964924
1530,268,107.8361288
1531,292,107.2870618
1532,142,93.87130303
1533,413,101.7892889
1534,266,92.17062222
1535,194,86.94517094
1536,320,96.17404477
1537,181,81.46006906
1538,285,112.2600393
1539,301,99.09159624
1540,348,106.6892249
1541,197,111.9851297
1542,382,82.83577352
1543,303,95.54908059
1544,296,102.5114078
1545,180,96.15193625
1546,186,93.8820996
1547,145,91.24700864
1548,269,91.31509955
1549,300,98.79009573
1550,284,75.65926387
1551,350,101.075532
1552,272,109.6393836
1553,292,109.4625867
1554,332,102.1741964
1555,285,103.3924346
1556,259,95.46904897
1557,110,114.000051
1558,286,113.2411049
1559,270,101.6311613
1560,81,91.86650125
1561,131,88.28556212
1562,225,96.67416878
1563,269,92.18835315
1564,225,91.51446393
1565,243,99.31433768
1566,279,110.2570743
1567,276,113.0094873
1568,135,107.8030972
1569,79,91.31507912
1570,59,104.1102828
1571,240,122.4827457
1572,202,109.292077
1573,235,100.7062305
1574,105,92.36731362
1575,224,82.76873166
1576,239,99.34373538
1577,237,106.3911533
1578,173,95.45088043
1579,252,107.3195909
1580,221,100.2296187
1581,185,108.4948176
1582,92,94.61699203
1583,13,99.89927996
1584,222,108.8873373
1585,192,100.5555414
1586,183,108.0494342
1587,211,94.82618638
1588,175,96.70166702
1589,197,107.1358213
1590,203,97.69866255
1591,116,98.47345445
1592,188,102.2857834
1593,191,94.88602316
1594,105,109.1024851
1595,174,101.6384841
1596,177,85.58248251
1597,306,82.45386553
1598,455,106.8772588
1599,1010,103.5546506
1600,210,84.1670081
1601,883,100.787278
1602,1022,97.11621974
1603,310,93.39797506
1604,361,112.1404731
1605,218,88.58946278
1606,166,93.44910921
1607,170,107.1165839
1608,654,103.3780311
1609,728,108.0507535
1610,71,99.52693592
1611,567,112.629807
1612,144,89.14162039
1613,613,86.52505001
1614,707,96.81025876
1615,61,91.99727507
1616,88,101.4743628
1617,301,98.41214991
1618,81,90.03899555
1619,624,93.70355187
1620,371,92.65506912
1621,394,103.9081496
1622,520,101.2022331
1623,574,90.06529214
1624,118,106.826935
1625,390,98.14757745
1626,12,93.94936392
1627,473,93.00453784
1628,26,100.5844573
1629,533,99.66972871
1630,107,95.32201073
1631,53,96.00338591
1632,122,103.5948259
1633,814,87.04060708
1634,965,100.6830728
1635,93,106.9332537
1636,731,106.9808869
1637,460,94.47025098
1638,153,101.9478097
1639,433,74.51082789
1640,145,88.58952534
1641,583,103.0375292
1642,95,92.12549728
1643,303,109.3683714
1644,519,114.6547115
1645,643,99.87655343
1646,765,113.4408731
1647,735,98.31679431
1648,189,102.9669627
1649,53,94.02238871
1650,246,87.19783797
1651,689,100.6948785
1652,65,103.4654887
1653,5,108.7842973
1654,132,113.3418074
1655,687,104.2600727
1656,345,87.33269902
1657,444,108.899798
1658,223,104.9269161
1659,175,109.7067837
1660,60,101.1329459
1661,163,86.64340566
1662,65,84.28152685
1663,208,100.2724615
1664,821,99.65779842
1665,428,102.1274715
1666,230,104.2132022
1667,840,110.7047501
1668,305,94.94964569
1669,11,90.38398015
1670,132,111.6415675
1671,226,79.09791804
1672,426,113.7237017
1673,705,94.43326664
1674,363,115.5197431
1675,11,98.53325393
1676,176,99.23449162
1677,791,102.3731356
1678,95,115.3369103
1679,196,100.1227281
1680,167,107.959772
1681,806,102.5467586
1682,284,83.36183318
1683,641,101.2575815
1684,147,106.5708566
1685,740,107.293281
1686,163,82.79023424
1687,655,99.33176046
1688,239,109.9625031
1689,88,104.9426158
1690,245,99.37403841
1691,588,105.8563448
1692,30,84.18345622
1693,179,104.1600501
1694,310,104.3750065
1695,477,93.44180043
1696,166,95.50677999
1697,559,84.46772564
1698,450,80.04470285
1699,364,94.45810633
1700,107,80.89785844
1701,177,104.5688502
1702,156,82.73457918
1703,529,104.0472572
1704,11,99.92333421
1705,429,89.40405805
1706,351,117.3438402
1707,15,105.173992
1708,181,96.72446811
1709,283,114.7965458
1710,201,87.77444001
1711,524,99.38894826
1712,13,114.5721494
1713,212,101.4788193
1714,524,120.9115376
1715,288,98.82132753
1716,363,97.41553549
1717,442,101.3362932
1718,199,85.48471779
1719,550,96.36821825
1720,54,93.49355107
1721,558,96.11583936
1722,207,102.5329903
1723,92,101.9443001
1724,60,90.4176368
1725,551,114.414072
1726,543,89.12171291
1727,293,85.41298733
1728,202,92.88055518
1729,353,122.2389041
1730,511,100.0747072
1731,267,95.49396122
1732,511,91.87563012
1733,371,90.57342122
1734,387,88.25665765
1735,457,114.5392313
1736,337,88.44912627
1737,201,101.571838
1738,404,97.63725187
1739,222,121.9994065
1740,62,99.8288382
1741,458,95.97214522
1742,356,103.0127084
1743,353,85.21383485
1744,163,95.67442475
1745,31,86.07589662
1746,340,115.413859
1747,229,100.2723197
1748,444,86.94808739
1749,315,101.3179893
1750,182,97.62361358
1751,156,107.4262253
1752,329,90.10721799
1753,364,100.7400258
1754,291,109.471347
1755,179,83.10148406
1756,376,82.36771889
1757,384,95.18484472
1758,268,94.27621185
1759,292,100.8443015
1760,142,109.7506765
1761,413,92.69418788
1762,266,126.4070135
1763,194,95.30296131
1764,320,100.4211334
1765,181,80.65822693
1766,285,106.1402721
1767,301,101.188613
1768,348,115.3678229
1769,197,97.33867215
1770,382,98.22586624
1771,303,96.28497168
1772,296,101.2330436
1773,180,105.4791163
1774,186,93.84927685
1775,145,103.5862401
1776,269,100.1061924
1777,300,77.0807916
1778,284,93.36169869
1779,350,105.3651633
1780,272,105.2558596
1781,292,111.1537724
1782,332,108.0541936
1783,285,97.41157787
1784,259,85.26335034
1785,110,112.3641148
1786,286,85.96463698
1787,270,100.7528311
1788,81,96.11585861
1789,131,100.123949
1790,225,89.29838845
1791,269,88.55407692
1792,225,97.73238196
1793,243,106.5258453
1794,279,105.619829
1795,276,95.83573676
1796,135,106.1964835
1797,79,103.2183056
1798,59,77.01232347
1799,240,113.5686497
1800,202,94.41293716
1801,235,99.15925523
1802,105,103.2986697
1803,224,109.2115372
1804,239,120.9652218
1805,237,97.86012379
1806,173,106.2203345
1807,252,95.68501508
1808,221,85.7665343
1809,185,91.79536832
1810,92,103.0181374
1811,13,97.41946597
1812,222,96.48897474
1813,192,95.85462271
1814,183,92.01697017
1815,211,95.11288629
1816,175,91.02050587
1817,197,107.2888286
1818,203,115.5952601
1819,116,112.8116051
1820,188,100.1362929
1821,191,91.4026093
1822,105,100.7257328
1823,174,91.53769984
1824,177,104.122811
1825,306,96.50069696
1826,455,91.07467603
1827,1010,100.1146333
1828,210,110.695681
1829,883,98.26520473
1830,1022,95.50243007
1831,310,108.9583292
1832,361,100.363328
1833,218,92.20966434
1834,166,76.58225968
1835,170,86.39644503
1836,654,71.95753867
1837,728,98.88211495
1838,71,102.8444155
1839,567,105.8693557
1840,144,100.8348608
1841,613,120.0684178
1842,707,81.90546028
1843,61,91.66172938
1844,88,100.9695363
1845,301,102.9246972
1846,81,93.5544255
1847,624,113.7524264
1848,371,93.16678206
1849,394,101.8189456
1850,520,90.97735791
1851,574,81.78727241
1852,118,100.9638136
1853,390,93.92355863
1854,12,96.40593477
1855,473,78.24634037
1856,26,126.9524611
1857,533,86.23696573
1858,107,90.42154818
1859,53,104.0223605
1860,122,91.25246022
1861,814,106.9036979
1862,965,96.70633689
1863,93,95.77346926
1864,731,91.85611985
1865,460,119.3073671
1866,153,88.83522865
1867,433,92.91552117
1868,145,95.88894235
1869,583,101.6996579
1870,95,97.35931462
1871,303,113.27013
1872,519,82.92114208
1873,643,88.30348214
1874,765,80.61720132
1875,735,109.3881444
1876,189,98.7359547
1877,53,106.4161132
1878,246,96.63479212
1879,689,90.5245048
1880,65,105.2598732
1881,5,88.20491725
1882,132,87.09033026
1883,687,100.2637174
1884,345,84.82021464
1885,444,87.3669469
1886,223,78.54345171
1887,175,92.33407354
1888,60,126.6056584
1889,163,92.77769253
1890,65,111.2871067
1891,208,105.5446505
1892,821,89.49824638
1893,428,91.88381606
1894,230,94.70497838
1895,840,101.9234047
1896,305,86.4117172
1897,11,122.2577342
1898,132,107.758557
1899,226,100.4628708
1900,426,79.54738452
1901,705,109.8520846
1902,363,91.96895204
1903,11,100.5691355
1904,176,107.1430808
1905,791,94.88802577
1906,95,104.4263599
1907,196,111.7169021
1908,167,107.6983773
1909,806,109.1088663
1910,284,82.3994099
1911,641,105.1221939
1912,147,100.3827867
1913,740,104.9870966
1914,163,94.80485329
1915,655,94.0705684
1916,239,94.79403589
1917,88,102.0273206
1918,245,103.4658113
1919,588,100.6422582
1920,30,94.53919285
1921,179,94.61624699
1922,310,116.6282287
1923,477,105.5364313
1924,166,83.44099665
1925,559,103.3200598
1926,450,116.9640738
1927,364,85.95657162
1928,107,98.1292355
1929,177,98.95844273
1930,156,98.76248628
1931,529,101.9216232
1932,11,108.5825689
1933,429,92.75314891
1934,351,97.91609879
1935,15,111.5197589
1936,181,95.67263664
1937,283,86.43162772
1938,201,107.0386942
1939,524,97.94598639
1940,13,111.4084253
1941,212,91.42296338
1942,524,108.159657
1943,288,109.877622
1944,363,107.6322524
1945,442,89.05186934
1946,199,104.4955071
1947,550,100.1767981
1948,54,114.23028
1949,558,120.3956678
1950,207,80.80847838
1951,92,96.46399972
1952,60,91.38556904
1953,551,91.37920945
1954,543,117.3523358
1955,293,106.8048912
1956,202,79.56601127
1957,353,86.86198187
1958,511,100.7976158
1959,267,111.1182437
1960,511,99.74562496
1961,371,95.49496878
1962,387,91.79896041
1963,457,107.6879789
1964,337,104.9390562
1965,201,98.3752658
1966,404,85.15735655
1967,222,90.26472641
1968,62,90.47674918
1969,458,98.52065181
1970,356,95.19384296
1971,353,102.2328885
1972,163,101.1671475
1973,31,111.859015
1974,340,95.13801519
1975,229,99.47407059
1976,444,101.5692762
1977,315,88.86702174
1978,182,112.2591174
1979,156,94.86717689
1980,329,95.92008661
1981,364,102.0918322
1982,291,109.3388637
1983,179,80.83667969
1984,376,96.88277734
1985,384,110.40801
1986,268,110.1849981
1987,292,98.98311592
1988,142,93.53744355
1989,413,90.73283542
1990,266,111.7389175
1991,194,92.42283669
1992,320,83.71083709
1993,181,104.7035762
1994,285,110.7439227
1995,301,123.2979383
1996,348,103.4638631
1997,197,93.76865725
1998,382,116.5058012
1999,303,95.38148698
2000,296,104.1808497
